{
  "controller": "pid",
  "avg_reward": -129.08862960290892,
  "std_reward": 14.913628221486077,
  "position_mse": 53.99888247218194,
  "n_episodes": 10,
  "params": {
    "p": 0.195,
    "i": 0.1,
    "d": -0.053
  }
}