{
  "controller": "pid",
  "avg_reward": -105.51119607938372,
  "std_reward": 21.255928632208718,
  "position_mse": 40.453885705959834,
  "n_episodes": 10,
  "params": {
    "p": 0.3,
    "i": 0.01,
    "d": 0.1
  }
}