{
  "controller": "pid",
  "avg_reward": -105.55502507447918,
  "std_reward": 10.839299781096525,
  "position_mse": 39.74304475585466,
  "n_episodes": 10,
  "params": {
    "p": 0.195,
    "i": 0.1,
    "d": -0.053
  }
}