{
  "controller": "pid",
  "avg_reward": -79.86674090051397,
  "std_reward": 65.76429504292975,
  "position_mse": 34.036995334370616,
  "n_episodes": 2,
  "params": {
    "p": 5.0,
    "i": 0.01,
    "d": 1.0
  }
}